,action,adventure,animation,children,comedy,crime,documentary,drama,fantasy,film-noir,horror,imax,musical,mystery,romance,sci-fi,thriller,war,western
0.0,0.05557684877207576,0.004716872779749324,0.10954693312544102,-0.10925838413455154,-0.04863620786819064,0.020076460059567564,0.0,-0.01647530178971421,-0.15697616196795794,0.0,0.07140095080343611,0.0,-0.007119995977183461,0.024783858809188486,0.01678332571769021,0.04315653276472202,0.06470148119457872,0.01033637669224267,0.002596398139753319
0.0,0.05557684877207576,-0.003643169577394329,-0.014376866937574131,0.026013111702332545,-0.217001097007841,0.020076460059567564,0.0,-0.01647530178971421,0.055047150826231746,0.0,0.07140095080343611,0.0,-0.007119995977183461,0.024783858809188486,-0.22409597061989786,0.04315653276472202,0.06470148119457872,0.01033637669224267,0.002596398139753319
0.0,-0.09625962980142856,-0.003643169577394329,-0.014376866937574131,0.026013111702332545,0.09988957760221649,-0.06197689492955067,0.0,-0.01647530178971421,0.055047150826231746,0.0,0.07140095080343611,0.0,-0.007119995977183461,0.024783858809188486,0.01678332571769021,0.04315653276472202,-0.21534837101840978,0.01033637669224267,0.002596398139753319
0.0,0.05557684877207576,-0.003643169577394329,-0.014376866937574131,0.026013111702332545,0.09988957760221649,0.020076460059567564,0.0,-0.01647530178971421,0.055047150826231746,0.0,0.07140095080343611,0.0,-0.007119995977183461,-0.24343584214905392,0.01678332571769021,0.04315653276472202,-0.22822974536513144,0.01033637669224267,0.002596398139753319
0.0,0.05557684877207576,-0.003643169577394329,-0.014376866937574131,0.026013111702332545,0.09988957760221649,-0.051384755509662317,0.0,-0.01647530178971421,0.055047150826231746,0.0,0.07140095080343611,0.0,-0.007119995977183461,-0.19853963209086284,0.01678332571769021,0.04315653276472202,-0.17919717306248847,0.01033637669224267,0.002596398139753319
0.0,-0.08211173278185288,-0.003643169577394329,-0.014376866937574131,0.026013111702332545,-0.10213979220682258,0.020076460059567564,0.0,-0.01647530178971421,0.055047150826231746,0.0,-0.6740454553351712,0.0,-0.007119995977183461,0.024783858809188486,0.01678332571769021,0.04315653276472202,-0.18925374272697007,0.01033637669224267,0.002596398139753319
0.0,0.05557684877207576,0.007399180584706617,-0.014376866937574131,0.026013111702332545,-0.09629049675636353,-0.05217698044339485,0.0,-0.01647530178971421,0.055047150826231746,0.0,0.07140095080343611,0.0,-0.007119995977183461,0.024783858809188486,-0.13233976957408478,0.04315653276472202,0.06470148119457872,0.01033637669224267,0.002596398139753319
0.0,-0.08319017590812161,-0.003643169577394329,-0.014376866937574131,0.026013111702332545,0.09988957760221649,0.020076460059567564,0.0,0.03505653451784884,0.055047150826231746,0.0,0.07140095080343611,0.0,-0.007119995977183461,0.024783858809188486,0.01678332571769021,0.04315653276472202,0.06470148119457872,-0.1351389988905,0.002596398139753319
0.0,-0.06715950642663937,-0.003643169577394329,-0.014376866937574131,0.026013111702332545,0.09988957760221649,0.020076460059567564,0.0,0.029103464344843427,0.055047150826231746,0.0,0.07140095080343611,0.0,-0.007119995977183461,0.024783858809188486,-0.12010922641174038,0.04315653276472202,0.06470148119457872,-0.11833336607509645,0.002596398139753319
0.0,0.05557684877207576,-0.003643169577394329,-0.014376866937574131,0.026013111702332545,-0.13248867345497045,0.020076460059567564,0.0,-0.01647530178971421,0.055047150826231746,0.0,0.07140095080343611,0.0,-0.007119995977183461,0.024783858809188486,0.01678332571769021,0.04315653276472202,0.06470148119457872,-0.1556919175472501,0.002596398139753319
0.0,-0.06031184922436236,-0.003643169577394329,-0.014376866937574131,0.026013111702332545,0.09988957760221649,0.020076460059567564,0.0,-0.01647530178971421,0.055047150826231746,0.0,0.07140095080343611,0.0,-0.007119995977183461,0.024783858809188486,-0.11247177238265911,0.04315653276472202,0.06470148119457872,0.01033637669224267,-0.21832281085429964
0.0,0.05557684877207576,-0.003643169577394329,-0.014376866937574131,0.026013111702332545,-0.4551675657775899,0.020076460059567564,0.0,-0.01647530178971421,0.055047150826231746,0.0,0.07140095080343611,0.0,-0.007119995977183461,0.024783858809188486,0.01678332571769021,0.04315653276472202,0.06470148119457872,0.01033637669224267,0.002596398139753319
0.0,0.05557684877207576,-0.003643169577394329,-0.014376866937574131,0.026013111702332545,-0.4551675657775899,0.020076460059567564,0.0,-0.01647530178971421,0.055047150826231746,0.0,0.07140095080343611,0.0,-0.007119995977183461,0.024783858809188486,0.01678332571769021,0.04315653276472202,0.06470148119457872,0.01033637669224267,0.002596398139753319
0.0,0.05557684877207576,0.013234173725203637,-0.014376866937574131,0.026013111702332545,-0.1999558733637211,0.020076460059567564,0.0,-0.01647530178971421,0.055047150826231746,0.0,0.07140095080343611,0.0,-0.007119995977183461,0.024783858809188486,0.01678332571769021,0.04315653276472202,0.06470148119457872,0.01033637669224267,0.002596398139753319
0.0,0.05557684877207576,-0.003643169577394329,-0.014376866937574131,0.026013111702332545,-0.3078730547193205,0.020076460059567564,0.0,0.08672481360615887,0.055047150826231746,0.0,0.07140095080343611,0.0,-0.007119995977183461,0.024783858809188486,0.01678332571769021,0.04315653276472202,0.06470148119457872,0.01033637669224267,0.002596398139753319
0.0,-0.08591667937309924,0.008042666208605756,-0.014376866937574131,0.026013111702332545,0.09988957760221649,0.020076460059567564,0.0,-0.01647530178971421,0.055047150826231746,0.0,0.07140095080343611,0.0,-0.007119995977183461,0.024783858809188486,0.01678332571769021,-0.20273655742993676,0.06470148119457872,0.01033637669224267,0.002596398139753319
0.0,0.05557684877207576,-0.003643169577394329,-0.014376866937574131,0.026013111702332545,-0.12326106894028328,-0.06211028605046592,0.0,0.04000160572566167,0.055047150826231746,0.0,0.07140095080343611,0.0,-0.007119995977183461,0.024783858809188486,0.01678332571769021,0.04315653276472202,-0.2158036377616623,0.01033637669224267,0.002596398139753319
0.0,-0.08591667937309924,0.008042666208605756,-0.014376866937574131,0.026013111702332545,0.09988957760221649,0.020076460059567564,0.0,-0.01647530178971421,0.055047150826231746,0.0,0.07140095080343611,0.0,-0.007119995977183461,0.024783858809188486,0.01678332571769021,-0.20273655742993676,0.06470148119457872,0.01033637669224267,0.002596398139753319
0.0,0.05557684877207576,-0.003643169577394329,-0.014376866937574131,0.026013111702332545,-0.4551675657775899,0.020076460059567564,0.0,-0.01647530178971421,0.055047150826231746,0.0,0.07140095080343611,0.0,-0.007119995977183461,0.024783858809188486,0.01678332571769021,0.04315653276472202,0.06470148119457872,0.01033637669224267,0.002596398139753319
0.0,-0.08679269542527483,-0.003643169577394329,-0.014376866937574131,0.026013111702332545,0.09988957760221649,-0.05686090610839803,0.0,0.03639434835712785,0.055047150826231746,0.0,0.07140095080343611,0.0,-0.007119995977183461,0.024783858809188486,0.01678332571769021,0.04315653276472202,-0.1978873919581739,0.01033637669224267,0.002596398139753319
0.0,0.05557684877207576,-0.003643169577394329,-0.014376866937574131,0.026013111702332545,-0.08909434045757227,0.020076460059567564,0.0,0.031354392757566935,0.055047150826231746,0.0,0.07140095080343611,0.0,-0.007119995977183461,0.024783858809188486,-0.12686972831231164,0.04315653276472202,0.06470148119457872,-0.12468778073822696,0.002596398139753319
0.0,0.05557684877207576,0.007365429471822442,-0.014376866937574131,-0.1521139356066533,0.09988957760221649,0.020076460059567564,0.0,-0.01647530178971421,0.055047150826231746,0.0,0.07140095080343611,0.0,-0.007119995977183461,0.024783858809188486,-0.13188397254275128,0.04315653276472202,0.06470148119457872,0.01033637669224267,0.002596398139753319
0.0,-0.07310860975142024,-0.003643169577394329,-0.014376866937574131,0.026013111702332545,-0.08892958078897058,-0.04946594311895584,0.0,-0.01647530178971421,-0.21449569895110104,0.0,0.07140095080343611,0.0,-0.007119995977183461,0.024783858809188486,0.01678332571769021,0.04315653276472202,0.06470148119457872,0.01033637669224267,0.002596398139753319
0.0,-0.14117065069763965,-0.003643169577394329,-0.014376866937574131,0.026013111702332545,0.09988957760221649,0.020076460059567564,0.0,-0.01647530178971421,0.055047150826231746,0.0,0.07140095080343611,0.0,-0.007119995977183461,0.024783858809188486,0.01678332571769021,0.04315653276472202,-0.29818304212565394,0.01033637669224267,0.002596398139753319
0.0,0.05557684877207576,-0.003643169577394329,-0.014376866937574131,0.026013111702332545,-0.4551675657775899,0.020076460059567564,0.0,-0.01647530178971421,0.055047150826231746,0.0,0.07140095080343611,0.0,-0.007119995977183461,0.024783858809188486,0.01678332571769021,0.04315653276472202,0.06470148119457872,0.01033637669224267,0.002596398139753319
0.0,0.05557684877207576,-0.003643169577394329,-0.014376866937574131,0.026013111702332545,0.09988957760221649,0.020076460059567564,0.0,-0.01647530178971421,0.055047150826231746,0.0,0.07140095080343611,0.0,-0.007119995977183461,0.024783858809188486,0.01678332571769021,0.04315653276472202,-0.4519552892554618,0.01033637669224267,0.002596398139753319
0.0,-0.07071915130986708,0.006787514685930865,-0.014376866937574131,0.026013111702332545,0.09988957760221649,0.020076460059567564,0.0,-0.01647530178971421,0.055047150826231746,0.0,0.07140095080343611,0.0,-0.007119995977183461,0.024783858809188486,0.01678332571769021,-0.17632568770482818,-0.16824106654053222,0.01033637669224267,0.002596398139753319
0.0,0.05557684877207576,-0.003643169577394329,-0.014376866937574131,0.026013111702332545,-0.3078730547193205,0.020076460059567564,0.0,0.08672481360615887,0.055047150826231746,0.0,0.07140095080343611,0.0,-0.007119995977183461,0.024783858809188486,0.01678332571769021,0.04315653276472202,0.06470148119457872,0.01033637669224267,0.002596398139753319
0.0,0.05557684877207576,-0.003643169577394329,-0.014376866937574131,0.026013111702332545,0.09988957760221649,0.020076460059567564,0.0,0.04310996516699658,0.055047150826231746,0.0,0.07140095080343611,0.0,-0.007119995977183461,0.024783858809188486,0.01678332571769021,0.04315653276472202,0.06470148119457872,-0.15787399015729467,0.002596398139753319
0.0,0.05557684877207576,-0.003643169577394329,-0.014376866937574131,0.026013111702332545,-0.15107179070179347,0.020076460059567564,0.0,-0.01647530178971421,0.055047150826231746,0.0,0.07140095080343611,0.0,-0.007119995977183461,0.024783858809188486,-0.17398087988531552,0.04315653276472202,-0.2507623077760268,0.01033637669224267,0.002596398139753319
0.0,-0.08378755695915673,0.007866823714438132,-0.014376866937574131,0.026013111702332545,-0.10459871580550051,0.020076460059567564,0.0,-0.01647530178971421,0.055047150826231746,0.0,0.07140095080343611,0.0,-0.007119995977183461,0.024783858809188486,-0.13865512726278068,0.04315653276472202,0.06470148119457872,0.01033637669224267,0.002596398139753319
0.0,-0.06754440523788859,-0.003643169577394329,-0.014376866937574131,0.026013111702332545,0.09988957760221649,0.020076460059567564,0.0,0.02924639846468912,0.055047150826231746,0.0,0.07140095080343611,0.0,-0.007119995977183461,0.024783858809188486,0.01678332571769021,0.04315653276472202,0.06470148119457872,0.01033637669224267,-0.23211026883024918
0.0,0.05557684877207576,0.006239628818292547,-0.014376866937574131,0.026013111702332545,0.09988957760221649,0.020076460059567564,0.0,0.02796183565249394,0.055047150826231746,0.0,0.07140095080343611,0.0,-0.007119995977183461,0.024783858809188486,0.01678332571769021,0.04315653276472202,0.06470148119457872,0.01033637669224267,-0.22551612525102152
0.0,-0.09625962980142856,-0.003643169577394329,-0.014376866937574131,0.026013111702332545,0.09988957760221649,-0.06197689492955067,0.0,-0.01647530178971421,0.055047150826231746,0.0,0.07140095080343611,0.0,-0.007119995977183461,0.024783858809188486,0.01678332571769021,0.04315653276472202,-0.21534837101840978,0.01033637669224267,0.002596398139753319
0.0,0.05557684877207576,-0.003643169577394329,-0.014376866937574131,0.026013111702332545,0.09988957760221649,-0.05618625435183927,0.0,-0.01647530178971421,0.055047150826231746,0.0,-0.6926292717734148,0.0,-0.007119995977183461,0.024783858809188486,0.01678332571769021,0.04315653276472202,-0.19558479111090118,0.01033637669224267,0.002596398139753319
0.0,0.05557684877207576,-0.003643169577394329,0.1030777459023879,-0.10219681378191334,0.09988957760221649,0.020076460059567564,0.0,-0.01647530178971421,-0.14590792079539788,0.0,0.07140095080343611,0.0,0.05470709543292956,0.024783858809188486,0.01678332571769021,0.04315653276472202,0.06470148119457872,0.01033637669224267,0.002596398139753319
0.0,0.05557684877207576,-0.003643169577394329,-0.014376866937574131,0.026013111702332545,-0.12326106894028328,-0.06211028605046592,0.0,0.04000160572566167,0.055047150826231746,0.0,0.07140095080343611,0.0,-0.007119995977183461,0.024783858809188486,0.01678332571769021,0.04315653276472202,-0.2158036377616623,0.01033637669224267,0.002596398139753319
0.0,-0.06420962418827869,0.006249898117988993,-0.014376866937574131,0.026013111702332545,0.09988957760221649,0.020076460059567564,0.0,-0.01647530178971421,0.055047150826231746,0.0,0.07140095080343611,0.0,-0.007119995977183461,-0.17751433550847137,0.01678332571769021,0.04315653276472202,-0.1562347810582543,0.01033637669224267,0.002596398139753319
0.0,0.05557684877207576,0.0037261533927458613,0.09486115690701555,-0.09322783216969908,0.09988957760221649,0.020076460059567564,0.0,-0.01647530178971421,-0.13185002055524003,0.0,0.07140095080343611,0.0,0.05038195411567536,0.024783858809188486,0.01678332571769021,0.04315653276472202,0.06470148119457872,0.01033637669224267,0.002596398139753319
0.0,0.05557684877207576,0.003976036024507642,0.09856525360590442,-0.09727111280609317,-0.03547438927003544,0.020076460059567564,0.0,-0.01647530178971421,-0.1381874218664417,0.0,0.07140095080343611,0.0,-0.007119995977183461,0.024783858809188486,0.01678332571769021,-0.11716661780741262,0.06470148119457872,0.01033637669224267,0.002596398139753319
0.0,-0.09729259396380194,0.008982193772623513,-0.014376866937574131,0.026013111702332545,0.09988957760221649,0.020076460059567564,0.0,-0.01647530178971421,0.055047150826231746,0.0,0.07140095080343611,0.0,-0.007119995977183461,0.024783858809188486,0.01678332571769021,0.04315653276472202,-0.21725358815550208,0.01033637669224267,0.002596398139753319
0.0,-0.07659493764949846,0.0072727911164408516,-0.014376866937574131,0.026013111702332545,0.09988957760221649,0.020076460059567564,0.0,-0.01647530178971421,0.055047150826231746,0.0,0.07140095080343611,0.0,-0.007119995977183461,0.024783858809188486,-0.1306329237991011,0.04315653276472202,-0.17907846945917452,0.01033637669224267,0.002596398139753319
0.0,-0.07071915130986708,0.006787514685930865,-0.014376866937574131,0.026013111702332545,0.09988957760221649,0.020076460059567564,0.0,-0.01647530178971421,0.055047150826231746,0.0,0.07140095080343611,0.0,-0.007119995977183461,0.024783858809188486,0.01678332571769021,-0.17632568770482818,-0.16824106654053222,0.01033637669224267,0.002596398139753319
0.0,0.05557684877207576,-0.003643169577394329,-0.014376866937574131,0.026013111702332545,-0.217001097007841,0.020076460059567564,0.0,-0.01647530178971421,0.055047150826231746,0.0,0.07140095080343611,0.0,-0.007119995977183461,0.024783858809188486,-0.22409597061989786,0.04315653276472202,0.06470148119457872,0.01033637669224267,0.002596398139753319
0.0,0.05557684877207576,0.004632633588800609,-0.014376866937574131,-0.10789533346077304,0.09988957760221649,0.020076460059567564,0.0,-0.01647530178971421,-0.15483972873364701,0.0,0.07140095080343611,0.0,0.05745511120282,0.024783858809188486,0.01678332571769021,0.04315653276472202,0.06470148119457872,0.01033637669224267,0.002596398139753319
0.0,0.05557684877207576,-0.003643169577394329,-0.014376866937574131,0.026013111702332545,0.09988957760221649,0.020076460059567564,0.0,0.048305873343579706,0.055047150826231746,0.0,0.07140095080343611,0.0,-0.007119995977183461,-0.26982358011065705,0.01678332571769021,0.04315653276472202,0.06470148119457872,0.01033637669224267,0.002596398139753319
0.0,-0.09433156957937669,0.008737645169105525,-0.014376866937574131,0.026013111702332545,0.09988957760221649,0.020076460059567564,0.0,-0.01647530178971421,0.055047150826231746,0.0,0.07140095080343611,0.0,-0.007119995977183461,0.024783858809188486,-0.15041526789046933,0.04315653276472202,0.06470148119457872,0.01033637669224267,0.002596398139753319
0.0,0.05557684877207576,-0.003643169577394329,-0.014376866937574131,0.026013111702332545,0.09988957760221649,0.020076460059567564,0.0,0.04003844040813323,-0.2637122967880577,0.0,0.07140095080343611,0.0,-0.007119995977183461,0.024783858809188486,-0.15295164203042513,0.04315653276472202,0.06470148119457872,0.01033637669224267,0.002596398139753319
0.0,0.05557684877207576,-0.003643169577394329,-0.014376866937574131,0.026013111702332545,0.09988957760221649,0.020076460059567564,0.0,0.13563271244395794,0.055047150826231746,0.0,0.07140095080343611,0.0,-0.007119995977183461,0.024783858809188486,0.01678332571769021,0.04315653276472202,0.06470148119457872,0.01033637669224267,0.002596398139753319
0.0,0.05557684877207576,0.006632483182140566,-0.014376866937574131,-0.14025433768384604,0.09988957760221649,0.020076460059567564,0.0,-0.01647530178971421,-0.20555893777063602,0.0,0.07140095080343611,0.0,-0.007119995977183461,0.024783858809188486,0.01678332571769021,0.04315653276472202,0.06470148119457872,0.01033637669224267,0.002596398139753319
0.0,0.05557684877207576,-0.003643169577394329,0.11773306572792226,-0.11819412046359921,0.09988957760221649,0.020076460059567564,0.0,-0.01647530178971421,0.055047150826231746,0.0,0.07140095080343611,0.0,0.062421528919951105,0.024783858809188486,0.01678332571769021,0.04315653276472202,0.06470148119457872,0.01033637669224267,0.002596398139753319
0.0,0.05557684877207576,-0.003643169577394329,0.11773306572792226,-0.11819412046359921,0.09988957760221649,0.020076460059567564,0.0,-0.01647530178971421,0.055047150826231746,0.0,0.07140095080343611,0.0,0.062421528919951105,0.024783858809188486,0.01678332571769021,0.04315653276472202,0.06470148119457872,0.01033637669224267,0.002596398139753319
0.0,0.05557684877207576,-0.003643169577394329,0.1030777459023879,-0.10219681378191334,0.09988957760221649,0.020076460059567564,0.0,-0.01647530178971421,-0.14590792079539788,0.0,0.07140095080343611,0.0,0.05470709543292956,0.024783858809188486,0.01678332571769021,0.04315653276472202,0.06470148119457872,0.01033637669224267,0.002596398139753319
0.0,0.05557684877207576,-0.003643169577394329,0.11337399941434842,-0.11343589467977508,0.09988957760221649,0.020076460059567564,0.0,0.02227577261297873,0.055047150826231746,0.0,0.07140095080343611,0.0,0.06012695414833873,0.024783858809188486,0.01678332571769021,0.04315653276472202,0.06470148119457872,0.01033637669224267,0.002596398139753319
0.0,0.05557684877207576,0.004501172402265159,0.10634953180724994,-0.10576819694788848,0.09988957760221649,0.020076460059567564,0.0,-0.01647530178971421,0.055047150826231746,0.0,0.07140095080343611,0.0,0.056429335209836805,0.024783858809188486,0.01678332571769021,0.04315653276472202,0.06470148119457872,0.01033637669224267,0.002596398139753319
0.0,0.05557684877207576,0.005779433077174659,-0.014376866937574131,-0.12645137368044648,0.09988957760221649,0.020076460059567564,0.0,-0.01647530178971421,0.055047150826231746,0.0,0.07140095080343611,0.0,0.06640345112688037,0.024783858809188486,0.01678332571769021,0.04315653276472202,0.06470148119457872,0.01033637669224267,0.002596398139753319
0.0,0.05557684877207576,0.0037261533927458613,0.09486115690701555,-0.09322783216969908,0.09988957760221649,0.020076460059567564,0.0,-0.01647530178971421,-0.13185002055524003,0.0,0.07140095080343611,0.0,0.05038195411567536,0.024783858809188486,0.01678332571769021,0.04315653276472202,0.06470148119457872,0.01033637669224267,0.002596398139753319
0.0,0.05557684877207576,-0.003643169577394329,-0.014376866937574131,0.026013111702332545,-0.3078730547193205,0.020076460059567564,0.0,0.08672481360615887,0.055047150826231746,0.0,0.07140095080343611,0.0,-0.007119995977183461,0.024783858809188486,0.01678332571769021,0.04315653276472202,0.06470148119457872,0.01033637669224267,0.002596398139753319
0.0,-0.12685338573148194,0.011423595600888204,-0.014376866937574131,0.026013111702332545,0.09988957760221649,0.020076460059567564,0.0,-0.01647530178971421,0.055047150826231746,0.0,0.07140095080343611,0.0,-0.007119995977183461,0.024783858809188486,0.01678332571769021,0.04315653276472202,0.06470148119457872,0.01033637669224267,0.002596398139753319
0.0,0.05557684877207576,-0.003643169577394329,-0.014376866937574131,0.026013111702332545,-0.3078730547193205,0.020076460059567564,0.0,0.08672481360615887,0.055047150826231746,0.0,0.07140095080343611,0.0,-0.007119995977183461,0.024783858809188486,0.01678332571769021,0.04315653276472202,0.06470148119457872,0.01033637669224267,0.002596398139753319
0.0,0.05557684877207576,-0.003643169577394329,-0.014376866937574131,-0.11514736274070443,-0.05510220551008843,0.020076460059567564,0.0,-0.01647530178971421,-0.1662064934973458,0.0,0.07140095080343611,0.0,0.06095228098515662,0.024783858809188486,0.01678332571769021,0.04315653276472202,0.06470148119457872,0.01033637669224267,0.002596398139753319
0.0,0.05557684877207576,-0.003643169577394329,-0.014376866937574131,0.026013111702332545,-0.4551675657775899,0.020076460059567564,0.0,-0.01647530178971421,0.055047150826231746,0.0,0.07140095080343611,0.0,-0.007119995977183461,0.024783858809188486,0.01678332571769021,0.04315653276472202,0.06470148119457872,0.01033637669224267,0.002596398139753319
0.0,0.05557684877207576,-0.003643169577394329,-0.014376866937574131,0.026013111702332545,0.09988957760221649,-0.051384755509662317,0.0,-0.01647530178971421,0.055047150826231746,0.0,0.07140095080343611,0.0,-0.007119995977183461,-0.19853963209086284,0.01678332571769021,0.04315653276472202,-0.17919717306248847,0.01033637669224267,0.002596398139753319
0.0,0.05557684877207576,-0.003643169577394329,-0.014376866937574131,0.026013111702332545,0.09988957760221649,0.020076460059567564,0.0,0.04310996516699658,0.055047150826231746,0.0,0.07140095080343611,0.0,-0.007119995977183461,0.024783858809188486,0.01678332571769021,0.04315653276472202,0.06470148119457872,-0.15787399015729467,0.002596398139753319
0.0,0.05557684877207576,-0.003643169577394329,-0.014376866937574131,0.026013111702332545,0.09988957760221649,-0.051384755509662317,0.0,-0.01647530178971421,0.055047150826231746,0.0,0.07140095080343611,0.0,-0.007119995977183461,-0.19853963209086284,0.01678332571769021,0.04315653276472202,-0.17919717306248847,0.01033637669224267,0.002596398139753319
0.0,0.05557684877207576,-0.003643169577394329,-0.014376866937574131,-0.16159974426347773,0.09988957760221649,0.020076460059567564,0.0,0.03565988317181628,0.055047150826231746,0.0,0.07140095080343611,0.0,-0.007119995977183461,0.024783858809188486,0.01678332571769021,-0.20082183734879655,0.06470148119457872,0.01033637669224267,0.002596398139753319
0.0,-0.07071915130986708,0.006787514685930865,-0.014376866937574131,0.026013111702332545,0.09988957760221649,0.020076460059567564,0.0,-0.01647530178971421,0.055047150826231746,0.0,0.07140095080343611,0.0,-0.007119995977183461,0.024783858809188486,0.01678332571769021,-0.17632568770482818,-0.16824106654053222,0.01033637669224267,0.002596398139753319
0.0,0.05557684877207576,0.008440613825956027,-0.014376866937574131,0.026013111702332545,-0.11479275829567101,0.020076460059567564,0.0,-0.01647530178971421,-0.2514158644091546,0.0,0.07140095080343611,0.0,-0.007119995977183461,0.024783858809188486,0.01678332571769021,0.04315653276472202,0.06470148119457872,0.01033637669224267,0.002596398139753319
0.0,-0.08591667937309924,0.008042666208605756,-0.014376866937574131,0.026013111702332545,0.09988957760221649,0.020076460059567564,0.0,-0.01647530178971421,0.055047150826231746,0.0,0.07140095080343611,0.0,-0.007119995977183461,0.024783858809188486,0.01678332571769021,-0.20273655742993676,0.06470148119457872,0.01033637669224267,0.002596398139753319
0.0,-0.06047191119167096,0.005941203431623256,-0.014376866937574131,0.026013111702332545,-0.07038785265378018,0.020076460059567564,0.0,-0.01647530178971421,-0.1880270382286463,0.0,0.07140095080343611,0.0,-0.007119995977183461,0.024783858809188486,-0.11265029561783467,0.04315653276472202,0.06470148119457872,0.01033637669224267,0.002596398139753319
0.0,-0.12685338573148194,0.011423595600888204,-0.014376866937574131,0.026013111702332545,0.09988957760221649,0.020076460059567564,0.0,-0.01647530178971421,0.055047150826231746,0.0,0.07140095080343611,0.0,-0.007119995977183461,0.024783858809188486,0.01678332571769021,0.04315653276472202,0.06470148119457872,0.01033637669224267,0.002596398139753319
0.0,0.05557684877207576,-0.003643169577394329,-0.014376866937574131,0.026013111702332545,0.09988957760221649,-0.052042648929053754,0.0,0.03308334898091697,0.055047150826231746,0.0,0.07140095080343611,0.0,-0.007119995977183461,0.024783858809188486,0.01678332571769021,-0.18876436382297684,-0.18144257734726027,0.01033637669224267,0.002596398139753319
0.0,-0.08319017590812161,-0.003643169577394329,-0.014376866937574131,0.026013111702332545,0.09988957760221649,0.020076460059567564,0.0,0.03505653451784884,0.055047150826231746,0.0,0.07140095080343611,0.0,-0.007119995977183461,0.024783858809188486,0.01678332571769021,0.04315653276472202,0.06470148119457872,-0.1351389988905,0.002596398139753319
0.0,-0.08591667937309924,0.008042666208605756,-0.014376866937574131,0.026013111702332545,0.09988957760221649,0.020076460059567564,0.0,-0.01647530178971421,0.055047150826231746,0.0,0.07140095080343611,0.0,-0.007119995977183461,0.024783858809188486,0.01678332571769021,-0.20273655742993676,0.06470148119457872,0.01033637669224267,0.002596398139753319
0.0,0.05557684877207576,-0.003643169577394329,-0.014376866937574131,0.026013111702332545,0.09988957760221649,-0.09139412767148135,0.0,0.06012481163420046,0.055047150826231746,0.0,0.07140095080343611,0.0,-0.007119995977183461,0.024783858809188486,0.01678332571769021,0.04315653276472202,0.06470148119457872,0.01033637669224267,0.002596398139753319
0.0,0.05557684877207576,-0.003643169577394329,-0.014376866937574131,0.026013111702332545,0.09988957760221649,0.020076460059567564,0.0,-0.01647530178971421,0.055047150826231746,0.0,-0.7864751646039461,0.0,-0.007119995977183461,0.024783858809188486,0.01678332571769021,-0.2322129609987145,0.06470148119457872,0.01033637669224267,0.002596398139753319
0.0,0.05557684877207576,-0.003643169577394329,-0.014376866937574131,0.026013111702332545,0.09988957760221649,-0.06820830573781365,0.0,-0.01647530178971421,0.055047150826231746,0.0,-0.8130709668684231,0.0,-0.007119995977183461,0.024783858809188486,0.01678332571769021,0.04315653276472202,0.06470148119457872,0.01033637669224267,0.002596398139753319
0.0,-0.07917697689385962,-0.003643169577394329,-0.014376866937574131,0.026013111702332545,-0.09783364803783484,0.020076460059567564,0.0,-0.01647530178971421,0.055047150826231746,0.0,0.07140095080343611,0.0,0.07971989906360259,0.024783858809188486,0.01678332571769021,0.04315653276472202,0.06470148119457872,0.01033637669224267,0.002596398139753319
0.0,0.05557684877207576,-0.003643169577394329,-0.014376866937574131,0.026013111702332545,0.09988957760221649,0.020076460059567564,0.0,0.04310996516699658,0.055047150826231746,0.0,0.07140095080343611,0.0,-0.007119995977183461,0.024783858809188486,0.01678332571769021,0.04315653276472202,0.06470148119457872,-0.15787399015729467,0.002596398139753319
0.0,-0.06715950642663937,-0.003643169577394329,-0.014376866937574131,0.026013111702332545,0.09988957760221649,0.020076460059567564,0.0,0.029103464344843427,0.055047150826231746,0.0,0.07140095080343611,0.0,-0.007119995977183461,0.024783858809188486,-0.12010922641174038,0.04315653276472202,0.06470148119457872,-0.11833336607509645,0.002596398139753319
0.0,0.05557684877207576,-0.003643169577394329,-0.014376866937574131,0.026013111702332545,0.09988957760221649,0.020076460059567564,0.0,0.06572034305159005,0.055047150826231746,0.0,0.07140095080343611,0.0,-0.007119995977183461,0.024783858809188486,-0.23008539299734337,0.04315653276472202,0.06470148119457872,0.01033637669224267,0.002596398139753319
0.0,-0.09229158046134807,-0.003643169577394329,-0.014376866937574131,0.026013111702332545,0.09988957760221649,0.020076460059567564,0.0,-0.01647530178971421,0.055047150826231746,0.0,0.07140095080343611,0.0,-0.007119995977183461,0.024783858809188486,0.01678332571769021,-0.21381511451183005,-0.20802963153167023,0.01033637669224267,0.002596398139753319
0.0,0.05557684877207576,-0.003643169577394329,-0.014376866937574131,0.026013111702332545,-0.06969396790354446,0.020076460059567564,0.0,-0.01647530178971421,0.055047150826231746,0.0,0.07140095080343611,0.0,0.06736097227878647,0.024783858809188486,0.01678332571769021,0.04315653276472202,0.06470148119457872,-0.1108267126386859,0.002596398139753319
0.0,0.05557684877207576,-0.003643169577394329,-0.014376866937574131,0.026013111702332545,0.09988957760221649,0.020076460059567564,0.0,-0.01647530178971421,0.055047150826231746,0.0,-1.1414437456958713,0.0,-0.007119995977183461,0.024783858809188486,0.01678332571769021,0.04315653276472202,0.06470148119457872,0.01033637669224267,0.002596398139753319
0.0,0.05557684877207576,-0.003643169577394329,-0.014376866937574131,0.026013111702332545,-0.12079580585019001,0.020076460059567564,0.0,-0.01647530178971421,-0.25998532610457026,0.0,0.07140095080343611,0.0,-0.007119995977183461,0.024783858809188486,-0.15096708203229958,0.04315653276472202,0.06470148119457872,0.01033637669224267,0.002596398139753319
0.0,0.05557684877207576,0.00882919056724866,-0.014376866937574131,0.026013111702332545,-0.12169627184865,0.020076460059567564,0.0,-0.01647530178971421,0.055047150826231746,0.0,0.07140095080343611,0.0,-0.007119995977183461,0.024783858809188486,0.01678332571769021,-0.21928658505327328,0.06470148119457872,0.01033637669224267,0.002596398139753319
0.0,-0.0820248950023135,0.007721246892346558,-0.014376866937574131,0.026013111702332545,0.09988957760221649,0.020076460059567564,0.0,-0.01647530178971421,-0.2331716314420636,0.0,0.07140095080343611,0.0,-0.007119995977183461,0.024783858809188486,0.01678332571769021,0.04315653276472202,0.06470148119457872,0.01033637669224267,0.002596398139753319
0.0,0.05557684877207576,-0.003643169577394329,-0.014376866937574131,0.026013111702332545,-0.16910031717377275,0.020076460059567564,0.0,-0.01647530178971421,-0.328940911704022,0.0,0.07140095080343611,0.0,-0.007119995977183461,0.024783858809188486,0.01678332571769021,0.04315653276472202,0.06470148119457872,0.01033637669224267,0.002596398139753319
0.0,0.05557684877207576,-0.003643169577394329,0.1030777459023879,-0.10219681378191334,0.09988957760221649,0.020076460059567564,0.0,-0.01647530178971421,-0.14590792079539788,0.0,0.07140095080343611,0.0,0.05470709543292956,0.024783858809188486,0.01678332571769021,0.04315653276472202,0.06470148119457872,0.01033637669224267,0.002596398139753319
0.0,-0.12685338573148194,0.011423595600888204,-0.014376866937574131,0.026013111702332545,0.09988957760221649,0.020076460059567564,0.0,-0.01647530178971421,0.055047150826231746,0.0,0.07140095080343611,0.0,-0.007119995977183461,0.024783858809188486,0.01678332571769021,0.04315653276472202,0.06470148119457872,0.01033637669224267,0.002596398139753319
0.0,0.05557684877207576,-0.003643169577394329,-0.014376866937574131,0.026013111702332545,0.09988957760221649,0.020076460059567564,0.0,0.041553529167341716,0.055047150826231746,0.0,0.07140095080343611,0.0,0.09358074487608994,0.024783858809188486,0.01678332571769021,0.04315653276472202,0.06470148119457872,0.01033637669224267,0.002596398139753319
0.0,0.05557684877207576,-0.003643169577394329,-0.014376866937574131,0.026013111702332545,0.09988957760221649,0.020076460059567564,0.0,-0.01647530178971421,0.055047150826231746,0.0,-1.1414437456958713,0.0,-0.007119995977183461,0.024783858809188486,0.01678332571769021,0.04315653276472202,0.06470148119457872,0.01033637669224267,0.002596398139753319
0.0,-0.12510532826391987,-0.003643169577394329,-0.014376866937574131,0.026013111702332545,0.09988957760221649,-0.0775652855329724,0.0,-0.01647530178971421,0.055047150826231746,0.0,0.07140095080343611,0.0,-0.007119995977183461,0.024783858809188486,0.01678332571769021,0.04315653276472202,0.06470148119457872,0.01033637669224267,0.002596398139753319
0.0,-0.06993241210446277,-0.003643169577394329,-0.014376866937574131,0.026013111702332545,-0.08426917103122726,-0.04774950662431442,0.0,0.030133196889842638,0.055047150826231746,0.0,0.07140095080343611,0.0,-0.007119995977183461,0.024783858809188486,0.01678332571769021,-0.17495846097064377,0.06470148119457872,0.01033637669224267,0.002596398139753319
0.0,-0.04094327461645215,-0.003643169577394329,-0.014376866937574131,0.026013111702332545,0.09988957760221649,0.020076460059567564,0.0,-0.01647530178971421,0.055047150826231746,0.0,0.07140095080343611,0.0,-0.007119995977183461,0.024783858809188486,-0.09086926019388368,0.04315653276472202,0.06470148119457872,-0.09084977494283317,-0.18140039947425865
0.0,0.05557684877207576,-0.003643169577394329,-0.014376866937574131,0.026013111702332545,-0.13248867345497045,0.020076460059567564,0.0,-0.01647530178971421,0.055047150826231746,0.0,0.07140095080343611,0.0,-0.007119995977183461,0.024783858809188486,0.01678332571769021,0.04315653276472202,0.06470148119457872,-0.1556919175472501,0.002596398139753319
0.0,-0.09590345525845016,-0.003643169577394329,-0.014376866937574131,0.026013111702332545,-0.12237627782590627,-0.061784416043793665,0.0,0.039777675090858056,0.055047150826231746,0.0,0.07140095080343611,0.0,-0.007119995977183461,0.024783858809188486,0.01678332571769021,0.04315653276472202,0.06470148119457872,0.01033637669224267,0.002596398139753319
0.0,0.05557684877207576,-0.003643169577394329,-0.014376866937574131,0.026013111702332545,-0.13511972108609754,-0.06647784692566874,0.0,-0.01647530178971421,0.055047150826231746,0.0,0.07140095080343611,0.0,-0.007119995977183461,0.024783858809188486,-0.16185517341293232,0.04315653276472202,0.06470148119457872,0.01033637669224267,0.002596398139753319
0.0,-0.10874345743149783,0.009927911303633886,-0.014376866937574131,0.026013111702332545,-0.14121631174949997,0.020076460059567564,0.0,-0.01647530178971421,0.055047150826231746,0.0,0.07140095080343611,0.0,-0.007119995977183461,0.024783858809188486,0.01678332571769021,0.04315653276472202,0.06470148119457872,0.01033637669224267,0.002596398139753319
0.0,-0.09729259396380194,0.008982193772623513,-0.014376866937574131,0.026013111702332545,0.09988957760221649,0.020076460059567564,0.0,-0.01647530178971421,0.055047150826231746,0.0,0.07140095080343611,0.0,-0.007119995977183461,0.024783858809188486,0.01678332571769021,0.04315653276472202,-0.21725358815550208,0.01033637669224267,0.002596398139753319
0.0,-0.08679269542527483,-0.003643169577394329,-0.014376866937574131,0.026013111702332545,0.09988957760221649,-0.05686090610839803,0.0,0.03639434835712785,0.055047150826231746,0.0,0.07140095080343611,0.0,-0.007119995977183461,0.024783858809188486,0.01678332571769021,0.04315653276472202,-0.1978873919581739,0.01033637669224267,0.002596398139753319
0.0,-0.10257880714246022,-0.003643169577394329,-0.014376866937574131,0.026013111702332545,-0.132170968998986,0.020076460059567564,0.0,-0.01647530178971421,0.055047150826231746,0.0,0.07140095080343611,0.0,-0.007119995977183461,0.024783858809188486,0.01678332571769021,-0.23169266687278492,0.06470148119457872,0.01033637669224267,0.002596398139753319
0.0,-0.0820248950023135,0.007721246892346558,-0.014376866937574131,0.026013111702332545,0.09988957760221649,0.020076460059567564,0.0,-0.01647530178971421,-0.2331716314420636,0.0,0.07140095080343611,0.0,-0.007119995977183461,0.024783858809188486,0.01678332571769021,0.04315653276472202,0.06470148119457872,0.01033637669224267,0.002596398139753319
0.0,0.05557684877207576,-0.003643169577394329,-0.014376866937574131,0.026013111702332545,0.09988957760221649,-0.02991341915319633,0.0,-0.01647530178971421,0.055047150826231746,0.1972963028195372,0.07140095080343611,0.0,-0.007119995977183461,-0.1314395449845941,0.01678332571769021,0.04315653276472202,-0.10591504371822082,0.01033637669224267,0.002596398139753319
0.0,0.05557684877207576,-0.003643169577394329,-0.014376866937574131,0.026013111702332545,0.09988957760221649,-0.04792863822786668,0.0,0.03025629215137492,0.055047150826231746,0.0,0.07140095080343611,0.0,-0.007119995977183461,-0.18773891774277193,0.01678332571769021,0.04315653276472202,-0.16740137100020855,0.01033637669224267,0.002596398139753319
0.0,0.05557684877207576,-0.003643169577394329,-0.014376866937574131,0.026013111702332545,0.09988957760221649,0.020076460059567564,0.0,0.03851445991204214,0.055047150826231746,0.0,0.07140095080343611,0.0,-0.007119995977183461,-0.2252948535394695,0.01678332571769021,0.04315653276472202,-0.20841739740774326,0.01033637669224267,0.002596398139753319
0.0,0.05557684877207576,-0.003643169577394329,-0.014376866937574131,0.026013111702332545,0.09988957760221649,0.020076460059567564,0.0,-0.01647530178971421,0.055047150826231746,0.0,-0.6300550036214891,0.0,-0.007119995977183461,-0.1940256219493262,0.01678332571769021,0.04315653276472202,-0.17426727968500996,0.01033637669224267,0.002596398139753319
0.0,-0.1185250927106319,-0.003643169577394329,-0.014376866937574131,0.026013111702332545,0.09988957760221649,0.020076460059567564,0.0,-0.01647530178971421,0.055047150826231746,0.0,0.07140095080343611,0.0,-0.007119995977183461,0.024783858809188486,0.01678332571769021,-0.259404757219851,0.06470148119457872,0.01033637669224267,0.002596398139753319
0.0,0.05557684877207576,-0.003643169577394329,-0.014376866937574131,0.026013111702332545,-0.19636382067711278,-0.08903414842787272,0.0,-0.01647530178971421,0.055047150826231746,0.0,0.07140095080343611,0.0,-0.007119995977183461,0.024783858809188486,0.01678332571769021,0.04315653276472202,0.06470148119457872,0.01033637669224267,0.002596398139753319
0.0,0.05557684877207576,-0.003643169577394329,-0.014376866937574131,0.026013111702332545,-0.217001097007841,0.020076460059567564,0.0,-0.01647530178971421,0.055047150826231746,0.0,0.07140095080343611,0.0,-0.007119995977183461,0.024783858809188486,-0.22409597061989786,0.04315653276472202,0.06470148119457872,0.01033637669224267,0.002596398139753319
0.0,0.05557684877207576,-0.003643169577394329,-0.014376866937574131,0.026013111702332545,-0.4551675657775899,0.020076460059567564,0.0,-0.01647530178971421,0.055047150826231746,0.0,0.07140095080343611,0.0,-0.007119995977183461,0.024783858809188486,0.01678332571769021,0.04315653276472202,0.06470148119457872,0.01033637669224267,0.002596398139753319
0.0,0.05557684877207576,-0.003643169577394329,-0.014376866937574131,0.026013111702332545,0.09988957760221649,-0.09139412767148135,0.0,0.06012481163420046,0.055047150826231746,0.0,0.07140095080343611,0.0,-0.007119995977183461,0.024783858809188486,0.01678332571769021,0.04315653276472202,0.06470148119457872,0.01033637669224267,0.002596398139753319
0.0,0.05557684877207576,-0.003643169577394329,-0.014376866937574131,0.026013111702332545,0.09988957760221649,-0.04792863822786668,0.0,0.03025629215137492,0.055047150826231746,0.0,0.07140095080343611,0.0,-0.007119995977183461,-0.18773891774277193,0.01678332571769021,0.04315653276472202,-0.16740137100020855,0.01033637669224267,0.002596398139753319
0.0,0.05557684877207576,-0.003643169577394329,0.10423607786651204,-0.10346121414232089,0.09988957760221649,0.020076460059567564,0.0,-0.01647530178971421,-0.1478897304253811,0.0,0.07140095080343611,0.0,-0.007119995977183461,0.024783858809188486,0.01678332571769021,0.04315653276472202,0.06470148119457872,-0.09123371650450965,0.002596398139753319
0.0,-0.08319017590812161,-0.003643169577394329,-0.014376866937574131,0.026013111702332545,0.09988957760221649,0.020076460059567564,0.0,0.03505653451784884,0.055047150826231746,0.0,0.07140095080343611,0.0,-0.007119995977183461,0.024783858809188486,0.01678332571769021,0.04315653276472202,0.06470148119457872,-0.1351389988905,0.002596398139753319
0.0,0.05557684877207576,-0.003643169577394329,-0.014376866937574131,0.026013111702332545,0.09988957760221649,0.020076460059567564,0.0,0.13563271244395794,0.055047150826231746,0.0,0.07140095080343611,0.0,-0.007119995977183461,0.024783858809188486,0.01678332571769021,0.04315653276472202,0.06470148119457872,0.01033637669224267,0.002596398139753319
0.0,0.05557684877207576,0.005911366624775899,-0.014376866937574131,0.026013111702332545,0.09988957760221649,0.020076460059567564,0.0,-0.01647530178971421,-0.1872703317000518,0.0,0.07140095080343611,0.0,0.06743291289704295,0.024783858809188486,0.01678332571769021,0.04315653276472202,0.06470148119457872,0.01033637669224267,0.002596398139753319
0.0,-0.09590345525845016,-0.003643169577394329,-0.014376866937574131,0.026013111702332545,-0.12237627782590627,-0.061784416043793665,0.0,0.039777675090858056,0.055047150826231746,0.0,0.07140095080343611,0.0,-0.007119995977183461,0.024783858809188486,0.01678332571769021,0.04315653276472202,0.06470148119457872,0.01033637669224267,0.002596398139753319
0.0,-0.05309537814445478,0.005331981547133053,-0.014376866937574131,-0.11921128622664191,-0.05956432388991577,0.020076460059567564,0.0,-0.01647530178971421,-0.17257625022325335,0.0,0.07140095080343611,0.0,-0.007119995977183461,0.024783858809188486,0.01678332571769021,0.04315653276472202,0.06470148119457872,0.01033637669224267,0.002596398139753319
0.0,0.05557684877207576,0.005025659452290726,-0.014376866937574131,0.026013111702332545,-0.05412215891039025,0.020076460059567564,0.0,-0.01647530178971421,0.055047150826231746,0.0,0.07140095080343611,0.0,-0.007119995977183461,0.024783858809188486,0.01678332571769021,-0.13925277004544911,0.06470148119457872,0.01033637669224267,-0.19749555816967432
0.0,0.05557684877207576,-0.003643169577394329,0.14800323886748218,-0.15123613174591619,0.09988957760221649,0.020076460059567564,0.0,0.03277996935838781,0.055047150826231746,0.0,0.07140095080343611,0.0,-0.007119995977183461,0.024783858809188486,0.01678332571769021,0.04315653276472202,0.06470148119457872,0.01033637669224267,0.002596398139753319
0.0,-0.08319017590812161,-0.003643169577394329,-0.014376866937574131,0.026013111702332545,0.09988957760221649,0.020076460059567564,0.0,0.03505653451784884,0.055047150826231746,0.0,0.07140095080343611,0.0,-0.007119995977183461,0.024783858809188486,0.01678332571769021,0.04315653276472202,0.06470148119457872,-0.1351389988905,0.002596398139753319
0.0,0.05557684877207576,0.005033269106466706,0.11423698533543888,-0.11437790417571306,0.09988957760221649,0.020076460059567564,0.0,-0.01647530178971421,-0.16500045113788175,0.0,0.07140095080343611,0.0,-0.007119995977183461,0.024783858809188486,0.01678332571769021,0.04315653276472202,0.06470148119457872,0.01033637669224267,0.002596398139753319
0.0,0.05557684877207576,0.006868249657282024,-0.014376866937574131,-0.1440692087572351,0.09988957760221649,0.020076460059567564,0.0,-0.01647530178971421,0.055047150826231746,0.0,0.07140095080343611,0.0,-0.007119995977183461,0.024783858809188486,0.01678332571769021,-0.17802451113139875,0.06470148119457872,0.01033637669224267,0.002596398139753319
0.0,-0.05518359626340469,-0.003643169577394329,0.12122140030291836,-0.12200188164990317,0.09988957760221649,-0.03977915698735539,0.0,-0.01647530178971421,0.055047150826231746,0.0,0.07140095080343611,0.0,-0.007119995977183461,0.024783858809188486,0.01678332571769021,0.04315653276472202,0.06470148119457872,0.01033637669224267,0.002596398139753319
0.0,0.05557684877207576,0.004991362348186872,-0.014376866937574131,-0.11369982269765165,-0.05351283133658527,0.020076460059567564,0.0,-0.01647530178971421,-0.16393763239374426,0.0,0.07140095080343611,0.0,-0.007119995977183461,0.024783858809188486,0.01678332571769021,-0.13853109116280315,0.06470148119457872,0.01033637669224267,0.002596398139753319
0.0,-0.05895269762147105,-0.003643169577394329,-0.014376866937574131,0.026013111702332545,0.09988957760221649,-0.04181600224765737,0.0,0.02605582439630346,0.055047150826231746,0.0,0.07140095080343611,0.0,-0.007119995977183461,-0.1686363150956181,0.01678332571769021,0.04315653276472202,-0.1465388139101732,0.01033637669224267,0.002596398139753319
0.0,0.05557684877207576,-0.003643169577394329,0.11266514212030686,-0.11266212736105882,-0.05237345963086925,0.020076460059567564,0.0,-0.01647530178971421,0.055047150826231746,0.0,0.07140095080343611,0.0,0.05975381780523787,0.024783858809188486,0.01678332571769021,0.04315653276472202,0.06470148119457872,0.01033637669224267,0.002596398139753319
0.0,0.05557684877207576,0.004998252411191321,0.11371792074715172,-0.11381130887071224,0.09988957760221649,-0.0364669804533232,0.0,0.022380095358778506,0.055047150826231746,0.0,0.07140095080343611,0.0,-0.007119995977183461,0.024783858809188486,0.01678332571769021,0.04315653276472202,0.06470148119457872,0.01033637669224267,0.002596398139753319
0.0,0.05557684877207576,0.006632483182140566,-0.014376866937574131,-0.14025433768384604,0.09988957760221649,0.020076460059567564,0.0,-0.01647530178971421,-0.20555893777063602,0.0,0.07140095080343611,0.0,-0.007119995977183461,0.024783858809188486,0.01678332571769021,0.04315653276472202,0.06470148119457872,0.01033637669224267,0.002596398139753319
0.0,-0.08591667937309924,0.008042666208605756,-0.014376866937574131,0.026013111702332545,0.09988957760221649,0.020076460059567564,0.0,-0.01647530178971421,0.055047150826231746,0.0,0.07140095080343611,0.0,-0.007119995977183461,0.024783858809188486,0.01678332571769021,-0.20273655742993676,0.06470148119457872,0.01033637669224267,0.002596398139753319
0.0,0.05557684877207576,-0.003643169577394329,0.11773306572792226,-0.11819412046359921,0.09988957760221649,0.020076460059567564,0.0,-0.01647530178971421,0.055047150826231746,0.0,0.07140095080343611,0.0,0.062421528919951105,0.024783858809188486,0.01678332571769021,0.04315653276472202,0.06470148119457872,0.01033637669224267,0.002596398139753319
0.0,0.05557684877207576,0.004501172402265159,0.10634953180724994,-0.10576819694788848,0.09988957760221649,0.020076460059567564,0.0,-0.01647530178971421,0.055047150826231746,0.0,0.07140095080343611,0.0,0.056429335209836805,0.024783858809188486,0.01678332571769021,0.04315653276472202,0.06470148119457872,0.01033637669224267,0.002596398139753319
0.0,-0.08591667937309924,0.008042666208605756,-0.014376866937574131,0.026013111702332545,0.09988957760221649,0.020076460059567564,0.0,-0.01647530178971421,0.055047150826231746,0.0,0.07140095080343611,0.0,-0.007119995977183461,0.024783858809188486,0.01678332571769021,-0.20273655742993676,0.06470148119457872,0.01033637669224267,0.002596398139753319
0.0,-0.0820248950023135,0.007721246892346558,-0.014376866937574131,0.026013111702332545,0.09988957760221649,0.020076460059567564,0.0,-0.01647530178971421,-0.2331716314420636,0.0,0.07140095080343611,0.0,-0.007119995977183461,0.024783858809188486,0.01678332571769021,0.04315653276472202,0.06470148119457872,0.01033637669224267,0.002596398139753319
0.0,0.05557684877207576,0.005033269106466706,0.11423698533543888,-0.11437790417571306,0.09988957760221649,0.020076460059567564,0.0,-0.01647530178971421,-0.16500045113788175,0.0,0.07140095080343611,0.0,-0.007119995977183461,0.024783858809188486,0.01678332571769021,0.04315653276472202,0.06470148119457872,0.01033637669224267,0.002596398139753319
0.0,0.05557684877207576,-0.003643169577394329,0.157250615945002,-0.16133029065007937,0.09988957760221649,0.020076460059567564,0.0,-0.01647530178971421,0.055047150826231746,0.0,0.07140095080343611,0.0,-0.007119995977183461,0.024783858809188486,0.01678332571769021,0.04315653276472202,0.06470148119457872,0.01033637669224267,0.002596398139753319
0.0,0.05557684877207576,0.005970582010328659,0.1281310987779884,-0.12954430084645197,0.09988957760221649,0.020076460059567564,0.0,0.02675209024383556,0.055047150826231746,0.0,0.07140095080343611,0.0,-0.007119995977183461,0.024783858809188486,0.01678332571769021,0.04315653276472202,0.06470148119457872,0.01033637669224267,0.002596398139753319
0.0,0.05557684877207576,0.005904336290850298,0.12714911556008618,-0.1284723974775688,-0.06973286541718171,0.020076460059567564,0.0,-0.01647530178971421,0.055047150826231746,0.0,0.07140095080343611,0.0,-0.007119995977183461,0.024783858809188486,0.01678332571769021,0.04315653276472202,0.06470148119457872,0.01033637669224267,0.002596398139753319
0.0,0.05557684877207576,0.007577460387727726,-0.014376866937574131,0.026013111702332545,0.09988957760221649,0.020076460059567564,0.0,-0.01647530178971421,-0.22952498831012647,0.0,0.07140095080343611,0.0,-0.007119995977183461,0.024783858809188486,-0.13474737625782876,0.04315653276472202,0.06470148119457872,0.01033637669224267,0.002596398139753319
0.0,0.05557684877207576,0.006632483182140566,-0.014376866937574131,-0.14025433768384604,0.09988957760221649,0.020076460059567564,0.0,-0.01647530178971421,-0.20555893777063602,0.0,0.07140095080343611,0.0,-0.007119995977183461,0.024783858809188486,0.01678332571769021,0.04315653276472202,0.06470148119457872,0.01033637669224267,0.002596398139753319
0.0,0.05557684877207576,-0.003643169577394329,-0.014376866937574131,0.026013111702332545,-0.16910031717377275,0.020076460059567564,0.0,-0.01647530178971421,-0.328940911704022,0.0,0.07140095080343611,0.0,-0.007119995977183461,0.024783858809188486,0.01678332571769021,0.04315653276472202,0.06470148119457872,0.01033637669224267,0.002596398139753319
0.0,-0.0820248950023135,0.007721246892346558,-0.014376866937574131,0.026013111702332545,0.09988957760221649,0.020076460059567564,0.0,-0.01647530178971421,-0.2331716314420636,0.0,0.07140095080343611,0.0,-0.007119995977183461,0.024783858809188486,0.01678332571769021,0.04315653276472202,0.06470148119457872,0.01033637669224267,0.002596398139753319
0.0,0.05557684877207576,-0.003643169577394329,-0.014376866937574131,0.026013111702332545,-0.16910031717377275,0.020076460059567564,0.0,-0.01647530178971421,-0.328940911704022,0.0,0.07140095080343611,0.0,-0.007119995977183461,0.024783858809188486,0.01678332571769021,0.04315653276472202,0.06470148119457872,0.01033637669224267,0.002596398139753319
0.0,0.05557684877207576,-0.003643169577394329,-0.014376866937574131,0.026013111702332545,0.09988957760221649,-0.06968374147806243,0.0,0.04520591617717342,0.055047150826231746,0.0,0.07140095080343611,0.0,-0.007119995977183461,0.024783858809188486,0.01678332571769021,0.04315653276472202,-0.2416520028104935,0.01033637669224267,0.002596398139753319
0.0,-0.08533266162299727,-0.003643169577394329,-0.014376866937574131,0.026013111702332545,-0.10686583569301603,-0.0560718949761595,0.0,-0.01647530178971421,0.055047150826231746,0.0,0.07140095080343611,0.0,-0.007119995977183461,0.024783858809188486,0.01678332571769021,0.04315653276472202,-0.19519448012041776,0.01033637669224267,0.002596398139753319
0.0,0.05557684877207576,-0.003643169577394329,-0.014376866937574131,0.026013111702332545,0.09988957760221649,0.020076460059567564,0.0,0.04003844040813323,-0.2637122967880577,0.0,0.07140095080343611,0.0,-0.007119995977183461,0.024783858809188486,-0.15295164203042513,0.04315653276472202,0.06470148119457872,0.01033637669224267,0.002596398139753319
0.0,0.05557684877207576,-0.003643169577394329,-0.014376866937574131,0.026013111702332545,0.09988957760221649,-0.09139412767148135,0.0,0.06012481163420046,0.055047150826231746,0.0,0.07140095080343611,0.0,-0.007119995977183461,0.024783858809188486,0.01678332571769021,0.04315653276472202,0.06470148119457872,0.01033637669224267,0.002596398139753319
0.0,0.05557684877207576,-0.003643169577394329,-0.014376866937574131,0.026013111702332545,0.09988957760221649,0.020076460059567564,0.0,-0.01647530178971421,0.055047150826231746,0.0,-0.6300550036214891,0.0,-0.007119995977183461,-0.1940256219493262,0.01678332571769021,0.04315653276472202,-0.17426727968500996,0.01033637669224267,0.002596398139753319
0.0,-0.14117065069763965,-0.003643169577394329,-0.014376866937574131,0.026013111702332545,0.09988957760221649,0.020076460059567564,0.0,-0.01647530178971421,0.055047150826231746,0.0,0.07140095080343611,0.0,-0.007119995977183461,0.024783858809188486,0.01678332571769021,0.04315653276472202,-0.29818304212565394,0.01033637669224267,0.002596398139753319
0.0,-0.061672746172195606,0.006040379419192793,-0.014376866937574131,0.026013111702332545,0.09988957760221649,0.020076460059567564,0.0,-0.01647530178971421,-0.19054229120654065,0.0,-0.5633887186520603,0.0,-0.007119995977183461,0.024783858809188486,0.01678332571769021,0.04315653276472202,0.06470148119457872,0.01033637669224267,0.002596398139753319
0.0,0.05557684877207576,-0.003643169577394329,-0.014376866937574131,0.026013111702332545,-0.19636382067711278,-0.08903414842787272,0.0,-0.01647530178971421,0.055047150826231746,0.0,0.07140095080343611,0.0,-0.007119995977183461,0.024783858809188486,0.01678332571769021,0.04315653276472202,0.06470148119457872,0.01033637669224267,0.002596398139753319
0.0,0.05557684877207576,-0.003643169577394329,-0.014376866937574131,0.026013111702332545,0.09988957760221649,-0.05618625435183927,0.0,-0.01647530178971421,0.055047150826231746,0.0,-0.6926292717734148,0.0,-0.007119995977183461,0.024783858809188486,0.01678332571769021,0.04315653276472202,-0.19558479111090118,0.01033637669224267,0.002596398139753319
0.0,0.05557684877207576,-0.003643169577394329,-0.014376866937574131,0.026013111702332545,-0.3078730547193205,0.020076460059567564,0.0,0.08672481360615887,0.055047150826231746,0.0,0.07140095080343611,0.0,-0.007119995977183461,0.024783858809188486,0.01678332571769021,0.04315653276472202,0.06470148119457872,0.01033637669224267,0.002596398139753319
0.0,-0.08378755695915673,0.007866823714438132,-0.014376866937574131,0.026013111702332545,-0.10459871580550051,0.020076460059567564,0.0,-0.01647530178971421,0.055047150826231746,0.0,0.07140095080343611,0.0,-0.007119995977183461,0.024783858809188486,-0.13865512726278068,0.04315653276472202,0.06470148119457872,0.01033637669224267,0.002596398139753319
0.0,-0.0367417843753402,0.003981351494988553,-0.014376866937574131,-0.09735712094006096,0.09988957760221649,0.020076460059567564,0.0,-0.01647530178971421,-0.13832223023370546,0.0,0.07140095080343611,0.0,-0.007119995977183461,-0.13112600585289103,0.01678332571769021,0.04315653276472202,-0.10557261770664852,0.01033637669224267,0.002596398139753319
0.0,-0.08319017590812161,-0.003643169577394329,-0.014376866937574131,0.026013111702332545,0.09988957760221649,0.020076460059567564,0.0,0.03505653451784884,0.055047150826231746,0.0,0.07140095080343611,0.0,-0.007119995977183461,0.024783858809188486,0.01678332571769021,0.04315653276472202,0.06470148119457872,-0.1351389988905,0.002596398139753319
0.0,0.05557684877207576,0.00882919056724866,-0.014376866937574131,0.026013111702332545,-0.12169627184865,0.020076460059567564,0.0,-0.01647530178971421,0.055047150826231746,0.0,0.07140095080343611,0.0,-0.007119995977183461,0.024783858809188486,0.01678332571769021,-0.21928658505327328,0.06470148119457872,0.01033637669224267,0.002596398139753319
0.0,0.05557684877207576,-0.003643169577394329,-0.014376866937574131,0.026013111702332545,0.09988957760221649,0.020076460059567564,0.0,-0.01647530178971421,0.055047150826231746,0.0,-1.1414437456958713,0.0,-0.007119995977183461,0.024783858809188486,0.01678332571769021,0.04315653276472202,0.06470148119457872,0.01033637669224267,0.002596398139753319
0.0,0.05557684877207576,0.013234173725203637,-0.014376866937574131,0.026013111702332545,-0.1999558733637211,0.020076460059567564,0.0,-0.01647530178971421,0.055047150826231746,0.0,0.07140095080343611,0.0,-0.007119995977183461,0.024783858809188486,0.01678332571769021,0.04315653276472202,0.06470148119457872,0.01033637669224267,0.002596398139753319
0.0,0.05557684877207576,-0.003643169577394329,-0.014376866937574131,0.026013111702332545,-0.09995642998198226,0.020076460059567564,0.0,-0.01647530178971421,0.055047150826231746,0.0,0.07140095080343611,0.0,-0.007119995977183461,0.024783858809188486,0.01678332571769021,0.04315653276472202,0.06470148119457872,0.01033637669224267,-0.25704341583557855
0.0,0.05557684877207576,-0.003643169577394329,-0.014376866937574131,0.026013111702332545,-0.217001097007841,0.020076460059567564,0.0,-0.01647530178971421,0.055047150826231746,0.0,0.07140095080343611,0.0,-0.007119995977183461,0.024783858809188486,-0.22409597061989786,0.04315653276472202,0.06470148119457872,0.01033637669224267,0.002596398139753319
0.0,0.05557684877207576,-0.003643169577394329,-0.014376866937574131,0.026013111702332545,-0.19636382067711278,-0.08903414842787272,0.0,-0.01647530178971421,0.055047150826231746,0.0,0.07140095080343611,0.0,-0.007119995977183461,0.024783858809188486,0.01678332571769021,0.04315653276472202,0.06470148119457872,0.01033637669224267,0.002596398139753319
0.0,-0.08591667937309924,0.008042666208605756,-0.014376866937574131,0.026013111702332545,0.09988957760221649,0.020076460059567564,0.0,-0.01647530178971421,0.055047150826231746,0.0,0.07140095080343611,0.0,-0.007119995977183461,0.024783858809188486,0.01678332571769021,-0.20273655742993676,0.06470148119457872,0.01033637669224267,0.002596398139753319
0.0,-0.1046516194899452,-0.003643169577394329,-0.014376866937574131,0.026013111702332545,0.09988957760221649,0.020076460059567564,0.0,0.04302635011439493,0.055047150826231746,0.0,0.07140095080343611,0.0,-0.007119995977183461,0.024783858809188486,0.01678332571769021,-0.23529488274935692,0.06470148119457872,0.01033637669224267,0.002596398139753319
0.0,0.05557684877207576,-0.003643169577394329,-0.014376866937574131,0.026013111702332545,-0.1404410938595085,-0.06843771717413731,0.0,-0.01647530178971421,0.055047150826231746,0.0,0.07140095080343611,0.0,-0.007119995977183461,0.024783858809188486,0.01678332571769021,0.04315653276472202,-0.23739929526167608,0.01033637669224267,0.002596398139753319
0.0,-0.09229158046134807,-0.003643169577394329,-0.014376866937574131,0.026013111702332545,0.09988957760221649,0.020076460059567564,0.0,-0.01647530178971421,0.055047150826231746,0.0,0.07140095080343611,0.0,-0.007119995977183461,0.024783858809188486,0.01678332571769021,-0.21381511451183005,-0.20802963153167023,0.01033637669224267,0.002596398139753319
0.0,0.05557684877207576,-0.003643169577394329,-0.014376866937574131,0.026013111702332545,-0.19636382067711278,-0.08903414842787272,0.0,-0.01647530178971421,0.055047150826231746,0.0,0.07140095080343611,0.0,-0.007119995977183461,0.024783858809188486,0.01678332571769021,0.04315653276472202,0.06470148119457872,0.01033637669224267,0.002596398139753319
0.0,0.05557684877207576,-0.003643169577394329,-0.014376866937574131,0.026013111702332545,-0.3078730547193205,0.020076460059567564,0.0,0.08672481360615887,0.055047150826231746,0.0,0.07140095080343611,0.0,-0.007119995977183461,0.024783858809188486,0.01678332571769021,0.04315653276472202,0.06470148119457872,0.01033637669224267,0.002596398139753319
0.0,-0.12510532826391987,-0.003643169577394329,-0.014376866937574131,0.026013111702332545,0.09988957760221649,-0.0775652855329724,0.0,-0.01647530178971421,0.055047150826231746,0.0,0.07140095080343611,0.0,-0.007119995977183461,0.024783858809188486,0.01678332571769021,0.04315653276472202,0.06470148119457872,0.01033637669224267,0.002596398139753319
0.0,-0.04841338039143048,0.004945299148231198,-0.014376866937574131,0.026013111702332545,-0.052694465512296014,0.020076460059567564,0.0,-0.01647530178971421,-0.1627694000050462,0.0,-0.49160247132931284,0.0,-0.007119995977183461,0.024783858809188486,0.01678332571769021,0.04315653276472202,-0.1270999131899499,0.01033637669224267,0.002596398139753319
0.0,-0.08591667937309924,0.008042666208605756,-0.014376866937574131,0.026013111702332545,0.09988957760221649,0.020076460059567564,0.0,-0.01647530178971421,0.055047150826231746,0.0,0.07140095080343611,0.0,-0.007119995977183461,0.024783858809188486,0.01678332571769021,-0.20273655742993676,0.06470148119457872,0.01033637669224267,0.002596398139753319
0.0,-0.08591667937309924,0.008042666208605756,-0.014376866937574131,0.026013111702332545,0.09988957760221649,0.020076460059567564,0.0,-0.01647530178971421,0.055047150826231746,0.0,0.07140095080343611,0.0,-0.007119995977183461,0.024783858809188486,0.01678332571769021,-0.20273655742993676,0.06470148119457872,0.01033637669224267,0.002596398139753319
0.0,-0.1185250927106319,-0.003643169577394329,-0.014376866937574131,0.026013111702332545,0.09988957760221649,0.020076460059567564,0.0,-0.01647530178971421,0.055047150826231746,0.0,0.07140095080343611,0.0,-0.007119995977183461,0.024783858809188486,0.01678332571769021,-0.259404757219851,0.06470148119457872,0.01033637669224267,0.002596398139753319
0.0,0.05557684877207576,-0.003643169577394329,-0.014376866937574131,0.026013111702332545,0.09988957760221649,0.020076460059567564,0.0,-0.01647530178971421,0.055047150826231746,0.0,-1.1414437456958713,0.0,-0.007119995977183461,0.024783858809188486,0.01678332571769021,0.04315653276472202,0.06470148119457872,0.01033637669224267,0.002596398139753319
0.0,0.05557684877207576,-0.003643169577394329,-0.014376866937574131,0.026013111702332545,0.09988957760221649,0.020076460059567564,0.0,0.03840442636000646,0.055047150826231746,0.0,-0.728693224678043,0.0,-0.007119995977183461,0.024783858809188486,0.01678332571769021,-0.2136655469137456,0.06470148119457872,0.01033637669224267,0.002596398139753319
0.0,0.05557684877207576,-0.003643169577394329,-0.014376866937574131,0.026013111702332545,0.09988957760221649,0.020076460059567564,0.0,0.03676388714876268,-0.2452425450507487,0.0,-0.7047757252329987,0.0,-0.007119995977183461,0.024783858809188486,0.01678332571769021,0.04315653276472202,0.06470148119457872,0.01033637669224267,0.002596398139753319
0.0,0.05557684877207576,-0.003643169577394329,-0.014376866937574131,0.026013111702332545,-0.062334640143796215,0.020076460059567564,0.0,-0.01647530178971421,0.055047150826231746,0.0,-0.5271727131233298,0.0,0.06412876094823339,0.024783858809188486,0.01678332571769021,-0.1489795156172359,0.06470148119457872,0.01033637669224267,0.002596398139753319
0.0,-0.12510532826391987,-0.003643169577394329,-0.014376866937574131,0.026013111702332545,0.09988957760221649,-0.0775652855329724,0.0,-0.01647530178971421,0.055047150826231746,0.0,0.07140095080343611,0.0,-0.007119995977183461,0.024783858809188486,0.01678332571769021,0.04315653276472202,0.06470148119457872,0.01033637669224267,0.002596398139753319
0.0,0.05557684877207576,-0.003643169577394329,0.13409673578543851,0.026013111702332545,-0.07805976267659295,0.020076460059567564,0.0,-0.01647530178971421,0.055047150826231746,0.0,0.07140095080343611,0.0,0.07103522318012889,0.024783858809188486,0.01678332571769021,0.04315653276472202,0.06470148119457872,0.01033637669224267,0.002596398139753319
0.0,-0.10257880714246022,-0.003643169577394329,-0.014376866937574131,0.026013111702332545,-0.132170968998986,0.020076460059567564,0.0,-0.01647530178971421,0.055047150826231746,0.0,0.07140095080343611,0.0,-0.007119995977183461,0.024783858809188486,0.01678332571769021,-0.23169266687278492,0.06470148119457872,0.01033637669224267,0.002596398139753319
0.0,0.05557684877207576,0.004888773054515709,0.11209507036815773,-0.11203985416891692,0.09988957760221649,0.020076460059567564,0.0,0.021887831019782988,0.055047150826231746,0.0,0.07140095080343611,0.0,-0.007119995977183461,0.024783858809188486,0.01678332571769021,-0.13637240958421112,0.06470148119457872,0.01033637669224267,0.002596398139753319
0.0,0.05557684877207576,-0.003643169577394329,-0.014376866937574131,0.026013111702332545,-0.10727144733248105,0.020076460059567564,0.0,0.035954813145216626,-0.24067905354550473,0.0,0.07140095080343611,0.0,-0.007119995977183461,0.024783858809188486,-0.14068676069696293,0.04315653276472202,0.06470148119457872,0.01033637669224267,0.002596398139753319
0.0,-0.0820248950023135,0.007721246892346558,-0.014376866937574131,0.026013111702332545,0.09988957760221649,0.020076460059567564,0.0,-0.01647530178971421,-0.2331716314420636,0.0,0.07140095080343611,0.0,-0.007119995977183461,0.024783858809188486,0.01678332571769021,0.04315653276472202,0.06470148119457872,0.01033637669224267,0.002596398139753319
0.0,0.05557684877207576,-0.003643169577394329,-0.014376866937574131,0.026013111702332545,0.09988957760221649,0.020076460059567564,0.0,0.06572034305159005,0.055047150826231746,0.0,0.07140095080343611,0.0,-0.007119995977183461,0.024783858809188486,-0.23008539299734337,0.04315653276472202,0.06470148119457872,0.01033637669224267,0.002596398139753319
0.0,0.05557684877207576,0.00946041279560927,-0.014376866937574131,0.026013111702332545,0.09988957760221649,0.020076460059567564,0.0,-0.01647530178971421,-0.2772795080000536,0.0,0.07140095080343611,0.0,-0.007119995977183461,0.024783858809188486,0.01678332571769021,0.04315653276472202,0.06470148119457872,0.01033637669224267,0.002596398139753319
0.0,0.05557684877207576,0.006384019648152551,0.13425962791449847,-0.1362340190696996,0.09988957760221649,0.020076460059567564,0.0,-0.01647530178971421,0.055047150826231746,0.0,0.07140095080343611,0.0,-0.007119995977183461,0.024783858809188486,0.01678332571769021,0.04315653276472202,0.06470148119457872,0.01033637669224267,0.002596398139753319
0.0,-0.07071915130986708,0.006787514685930865,-0.014376866937574131,0.026013111702332545,0.09988957760221649,0.020076460059567564,0.0,-0.01647530178971421,0.055047150826231746,0.0,0.07140095080343611,0.0,-0.007119995977183461,0.024783858809188486,0.01678332571769021,-0.17632568770482818,-0.16824106654053222,0.01033637669224267,0.002596398139753319
0.0,-0.08319017590812161,-0.003643169577394329,-0.014376866937574131,0.026013111702332545,0.09988957760221649,0.020076460059567564,0.0,0.03505653451784884,0.055047150826231746,0.0,0.07140095080343611,0.0,-0.007119995977183461,0.024783858809188486,0.01678332571769021,0.04315653276472202,0.06470148119457872,-0.1351389988905,0.002596398139753319
0.0,-0.09729259396380194,0.008982193772623513,-0.014376866937574131,0.026013111702332545,0.09988957760221649,0.020076460059567564,0.0,-0.01647530178971421,0.055047150826231746,0.0,0.07140095080343611,0.0,-0.007119995977183461,0.024783858809188486,0.01678332571769021,0.04315653276472202,-0.21725358815550208,0.01033637669224267,0.002596398139753319
0.0,-0.09729259396380194,0.008982193772623513,-0.014376866937574131,0.026013111702332545,0.09988957760221649,0.020076460059567564,0.0,-0.01647530178971421,0.055047150826231746,0.0,0.07140095080343611,0.0,-0.007119995977183461,0.024783858809188486,0.01678332571769021,0.04315653276472202,-0.21725358815550208,0.01033637669224267,0.002596398139753319
0.0,-0.09729259396380194,0.008982193772623513,-0.014376866937574131,0.026013111702332545,0.09988957760221649,0.020076460059567564,0.0,-0.01647530178971421,0.055047150826231746,0.0,0.07140095080343611,0.0,-0.007119995977183461,0.024783858809188486,0.01678332571769021,0.04315653276472202,-0.21725358815550208,0.01033637669224267,0.002596398139753319
0.0,-0.08679269542527483,-0.003643169577394329,-0.014376866937574131,0.026013111702332545,0.09988957760221649,-0.05686090610839803,0.0,0.03639434835712785,0.055047150826231746,0.0,0.07140095080343611,0.0,-0.007119995977183461,0.024783858809188486,0.01678332571769021,0.04315653276472202,-0.1978873919581739,0.01033637669224267,0.002596398139753319
0.0,-0.0646020432345178,-0.003643169577394329,-0.014376866937574131,0.026013111702332545,0.09988957760221649,-0.04486894292040313,0.0,0.028153737456321087,0.055047150826231746,0.0,0.07140095080343611,0.0,-0.007119995977183461,0.024783858809188486,0.01678332571769021,-0.16569513359101,-0.15695856559894772,0.01033637669224267,0.002596398139753319
0.0,0.05557684877207576,0.0032866223105425217,0.08834583561729693,-0.08611590325636706,-0.02322616025320001,-0.025267266459035445,0.0,-0.01647530178971421,-0.12070284783246837,0.0,0.07140095080343611,0.0,-0.007119995977183461,-0.11691985020121204,0.01678332571769021,0.04315653276472202,0.06470148119457872,0.01033637669224267,0.002596398139753319
0.0,-0.09729259396380194,0.008982193772623513,-0.014376866937574131,0.026013111702332545,0.09988957760221649,0.020076460059567564,0.0,-0.01647530178971421,0.055047150826231746,0.0,0.07140095080343611,0.0,-0.007119995977183461,0.024783858809188486,0.01678332571769021,0.04315653276472202,-0.21725358815550208,0.01033637669224267,0.002596398139753319
0.0,-0.09729259396380194,0.008982193772623513,-0.014376866937574131,0.026013111702332545,0.09988957760221649,0.020076460059567564,0.0,-0.01647530178971421,0.055047150826231746,0.0,0.07140095080343611,0.0,-0.007119995977183461,0.024783858809188486,0.01678332571769021,0.04315653276472202,-0.21725358815550208,0.01033637669224267,0.002596398139753319
0.0,0.05557684877207576,-0.003643169577394329,-0.014376866937574131,0.026013111702332545,-0.14563126533162918,0.020076460059567564,0.0,0.045663249696987644,-0.2954384050251309,0.0,0.07140095080343611,0.0,-0.007119995977183461,0.024783858809188486,0.01678332571769021,0.04315653276472202,0.06470148119457872,0.01033637669224267,0.002596398139753319
0.0,0.05557684877207576,-0.003643169577394329,-0.014376866937574131,0.026013111702332545,-0.1830693721603113,0.020076460059567564,0.0,-0.01647530178971421,0.055047150826231746,0.0,0.07140095080343611,0.0,-0.007119995977183461,0.024783858809188486,0.01678332571769021,-0.29197600920136385,0.06470148119457872,0.01033637669224267,0.002596398139753319
0.0,0.05557684877207576,0.004237796578986571,0.10244542086246289,-0.1015065867717484,-0.04012486713824033,0.020076460059567564,0.0,-0.01647530178971421,0.055047150826231746,0.0,0.07140095080343611,0.0,0.054374245005866156,0.024783858809188486,0.01678332571769021,0.04315653276472202,0.06470148119457872,0.01033637669224267,0.002596398139753319
0.0,0.05557684877207576,0.008440613825956027,-0.014376866937574131,0.026013111702332545,-0.11479275829567101,0.020076460059567564,0.0,-0.01647530178971421,-0.2514158644091546,0.0,0.07140095080343611,0.0,-0.007119995977183461,0.024783858809188486,0.01678332571769021,0.04315653276472202,0.06470148119457872,0.01033637669224267,0.002596398139753319
0.0,0.05557684877207576,-0.003643169577394329,-0.014376866937574131,0.026013111702332545,0.09988957760221649,0.020076460059567564,0.0,0.04310996516699658,0.055047150826231746,0.0,0.07140095080343611,0.0,-0.007119995977183461,0.024783858809188486,0.01678332571769021,0.04315653276472202,0.06470148119457872,-0.15787399015729467,0.002596398139753319
0.0,-0.08319017590812161,-0.003643169577394329,-0.014376866937574131,0.026013111702332545,0.09988957760221649,0.020076460059567564,0.0,0.03505653451784884,0.055047150826231746,0.0,0.07140095080343611,0.0,-0.007119995977183461,0.024783858809188486,0.01678332571769021,0.04315653276472202,0.06470148119457872,-0.1351389988905,0.002596398139753319
0.0,0.05557684877207576,-0.003643169577394329,-0.014376866937574131,0.026013111702332545,0.09988957760221649,-0.09139412767148135,0.0,0.06012481163420046,0.055047150826231746,0.0,0.07140095080343611,0.0,-0.007119995977183461,0.024783858809188486,0.01678332571769021,0.04315653276472202,0.06470148119457872,0.01033637669224267,0.002596398139753319
0.0,0.05557684877207576,0.013608422116066759,-0.014376866937574131,0.026013111702332545,0.09988957760221649,0.020076460059567564,0.0,0.06109496935067018,0.055047150826231746,0.0,0.07140095080343611,0.0,-0.007119995977183461,0.024783858809188486,0.01678332571769021,0.04315653276472202,0.06470148119457872,0.01033637669224267,0.002596398139753319
0.0,0.05557684877207576,-0.003643169577394329,-0.014376866937574131,0.026013111702332545,0.09988957760221649,0.020076460059567564,0.0,0.03851445991204214,0.055047150826231746,0.0,0.07140095080343611,0.0,-0.007119995977183461,-0.2252948535394695,0.01678332571769021,0.04315653276472202,-0.20841739740774326,0.01033637669224267,0.002596398139753319
0.0,0.05557684877207576,-0.003643169577394329,-0.014376866937574131,0.026013111702332545,-0.4551675657775899,0.020076460059567564,0.0,-0.01647530178971421,0.055047150826231746,0.0,0.07140095080343611,0.0,-0.007119995977183461,0.024783858809188486,0.01678332571769021,0.04315653276472202,0.06470148119457872,0.01033637669224267,0.002596398139753319
0.0,0.05557684877207576,-0.003643169577394329,-0.014376866937574131,0.026013111702332545,-0.19636382067711278,-0.08903414842787272,0.0,-0.01647530178971421,0.055047150826231746,0.0,0.07140095080343611,0.0,-0.007119995977183461,0.024783858809188486,0.01678332571769021,0.04315653276472202,0.06470148119457872,0.01033637669224267,0.002596398139753319
0.0,0.05557684877207576,-0.003643169577394329,-0.014376866937574131,0.026013111702332545,-0.4551675657775899,0.020076460059567564,0.0,-0.01647530178971421,0.055047150826231746,0.0,0.07140095080343611,0.0,-0.007119995977183461,0.024783858809188486,0.01678332571769021,0.04315653276472202,0.06470148119457872,0.01033637669224267,0.002596398139753319
0.0,0.05557684877207576,-0.003643169577394329,-0.014376866937574131,0.026013111702332545,-0.07996121373418251,0.020076460059567564,0.0,-0.01647530178971421,0.055047150826231746,0.0,-0.5922111080255708,0.0,-0.007119995977183461,-0.18222074226588117,0.01678332571769021,0.04315653276472202,-0.16137479687070796,0.01033637669224267,0.002596398139753319
0.0,0.05557684877207576,-0.003643169577394329,-0.014376866937574131,0.026013111702332545,0.09988957760221649,0.020076460059567564,0.0,0.03851445991204214,0.055047150826231746,0.0,0.07140095080343611,0.0,-0.007119995977183461,-0.2252948535394695,0.01678332571769021,0.04315653276472202,-0.20841739740774326,0.01033637669224267,0.002596398139753319
0.0,-0.0727441203703802,-0.003643169577394329,-0.014376866937574131,-0.14546893126425903,0.09988957760221649,0.020076460059567564,0.0,-0.01647530178971421,-0.21373224434164986,0.0,0.07140095080343611,0.0,-0.007119995977183461,0.024783858809188486,0.01678332571769021,0.04315653276472202,0.06470148119457872,0.01033637669224267,0.002596398139753319
0.0,-0.05309537814445478,0.005331981547133053,-0.014376866937574131,-0.11921128622664191,-0.05956432388991577,0.020076460059567564,0.0,-0.01647530178971421,-0.17257625022325335,0.0,0.07140095080343611,0.0,-0.007119995977183461,0.024783858809188486,0.01678332571769021,0.04315653276472202,0.06470148119457872,0.01033637669224267,0.002596398139753319
0.0,-0.08319017590812161,-0.003643169577394329,-0.014376866937574131,0.026013111702332545,0.09988957760221649,0.020076460059567564,0.0,0.03505653451784884,0.055047150826231746,0.0,0.07140095080343611,0.0,-0.007119995977183461,0.024783858809188486,0.01678332571769021,0.04315653276472202,0.06470148119457872,-0.1351389988905,0.002596398139753319
0.0,0.05557684877207576,-0.003643169577394329,-0.014376866937574131,0.026013111702332545,-0.11685167075150131,0.020076460059567564,0.0,0.03837945945655769,0.055047150826231746,0.0,0.07140095080343611,0.0,-0.007119995977183461,0.024783858809188486,0.01678332571769021,0.04315653276472202,0.06470148119457872,-0.1445196805841773,0.002596398139753319
0.0,0.05557684877207576,-0.003643169577394329,-0.014376866937574131,0.026013111702332545,-0.4551675657775899,0.020076460059567564,0.0,-0.01647530178971421,0.055047150826231746,0.0,0.07140095080343611,0.0,-0.007119995977183461,0.024783858809188486,0.01678332571769021,0.04315653276472202,0.06470148119457872,0.01033637669224267,0.002596398139753319
0.0,0.05557684877207576,0.007577460387727726,-0.014376866937574131,0.026013111702332545,0.09988957760221649,0.020076460059567564,0.0,-0.01647530178971421,-0.22952498831012647,0.0,0.07140095080343611,0.0,-0.007119995977183461,0.024783858809188486,-0.13474737625782876,0.04315653276472202,0.06470148119457872,0.01033637669224267,0.002596398139753319
0.0,0.05557684877207576,0.008440613825956027,-0.014376866937574131,0.026013111702332545,-0.11479275829567101,0.020076460059567564,0.0,-0.01647530178971421,-0.2514158644091546,0.0,0.07140095080343611,0.0,-0.007119995977183461,0.024783858809188486,0.01678332571769021,0.04315653276472202,0.06470148119457872,0.01033637669224267,0.002596398139753319
0.0,-0.09229158046134807,-0.003643169577394329,-0.014376866937574131,0.026013111702332545,0.09988957760221649,0.020076460059567564,0.0,-0.01647530178971421,0.055047150826231746,0.0,0.07140095080343611,0.0,-0.007119995977183461,0.024783858809188486,0.01678332571769021,-0.21381511451183005,-0.20802963153167023,0.01033637669224267,0.002596398139753319
0.0,-0.11107187940560005,0.0101202137869104,-0.014376866937574131,0.026013111702332545,0.09988957760221649,0.020076460059567564,0.0,0.04541054609890931,0.055047150826231746,0.0,0.07140095080343611,0.0,-0.007119995977183461,0.024783858809188486,0.01678332571769021,0.04315653276472202,0.06470148119457872,0.01033637669224267,0.002596398139753319
0.0,0.05557684877207576,-0.003643169577394329,-0.014376866937574131,0.026013111702332545,-0.4551675657775899,0.020076460059567564,0.0,-0.01647530178971421,0.055047150826231746,0.0,0.07140095080343611,0.0,-0.007119995977183461,0.024783858809188486,0.01678332571769021,0.04315653276472202,0.06470148119457872,0.01033637669224267,0.002596398139753319
0.0,-0.09729259396380194,0.008982193772623513,-0.014376866937574131,0.026013111702332545,0.09988957760221649,0.020076460059567564,0.0,-0.01647530178971421,0.055047150826231746,0.0,0.07140095080343611,0.0,-0.007119995977183461,0.024783858809188486,0.01678332571769021,0.04315653276472202,-0.21725358815550208,0.01033637669224267,0.002596398139753319
0.0,0.05557684877207576,-0.003643169577394329,-0.014376866937574131,0.026013111702332545,-0.09995642998198226,0.020076460059567564,0.0,-0.01647530178971421,0.055047150826231746,0.0,0.07140095080343611,0.0,-0.007119995977183461,0.024783858809188486,0.01678332571769021,0.04315653276472202,0.06470148119457872,0.01033637669224267,-0.25704341583557855
0.0,-0.08591667937309924,0.008042666208605756,-0.014376866937574131,0.026013111702332545,0.09988957760221649,0.020076460059567564,0.0,-0.01647530178971421,0.055047150826231746,0.0,0.07140095080343611,0.0,-0.007119995977183461,0.024783858809188486,0.01678332571769021,-0.20273655742993676,0.06470148119457872,0.01033637669224267,0.002596398139753319
0.0,-0.07071915130986708,0.006787514685930865,-0.014376866937574131,0.026013111702332545,0.09988957760221649,0.020076460059567564,0.0,-0.01647530178971421,0.055047150826231746,0.0,0.07140095080343611,0.0,-0.007119995977183461,0.024783858809188486,0.01678332571769021,-0.17632568770482818,-0.16824106654053222,0.01033637669224267,0.002596398139753319
0.0,-0.08679269542527483,-0.003643169577394329,-0.014376866937574131,0.026013111702332545,0.09988957760221649,-0.05686090610839803,0.0,0.03639434835712785,0.055047150826231746,0.0,0.07140095080343611,0.0,-0.007119995977183461,0.024783858809188486,0.01678332571769021,0.04315653276472202,-0.1978873919581739,0.01033637669224267,0.002596398139753319
0.0,-0.07373565117549619,0.007036644964469581,-0.014376866937574131,0.026013111702332545,-0.08984963372524554,0.020076460059567564,0.0,-0.01647530178971421,-0.21580909157768915,0.0,0.07140095080343611,0.0,-0.007119995977183461,0.024783858809188486,0.01678332571769021,0.04315653276472202,0.06470148119457872,0.01033637669224267,0.002596398139753319
0.0,-0.09625962980142856,-0.003643169577394329,-0.014376866937574131,0.026013111702332545,0.09988957760221649,-0.06197689492955067,0.0,-0.01647530178971421,0.055047150826231746,0.0,0.07140095080343611,0.0,-0.007119995977183461,0.024783858809188486,0.01678332571769021,0.04315653276472202,-0.21534837101840978,0.01033637669224267,0.002596398139753319
0.0,-0.08591667937309924,0.008042666208605756,-0.014376866937574131,0.026013111702332545,0.09988957760221649,0.020076460059567564,0.0,-0.01647530178971421,0.055047150826231746,0.0,0.07140095080343611,0.0,-0.007119995977183461,0.024783858809188486,0.01678332571769021,-0.20273655742993676,0.06470148119457872,0.01033637669224267,0.002596398139753319
0.0,0.05557684877207576,-0.003643169577394329,-0.014376866937574131,0.026013111702332545,-0.4551675657775899,0.020076460059567564,0.0,-0.01647530178971421,0.055047150826231746,0.0,0.07140095080343611,0.0,-0.007119995977183461,0.024783858809188486,0.01678332571769021,0.04315653276472202,0.06470148119457872,0.01033637669224267,0.002596398139753319
0.0,0.05557684877207576,0.005173803071119798,0.1163201689119971,-0.11665184476146466,0.09988957760221649,0.020076460059567564,0.0,-0.01647530178971421,0.055047150826231746,0.0,0.07140095080343611,0.0,-0.007119995977183461,0.024783858809188486,0.01678332571769021,-0.14237000469546374,0.06470148119457872,0.01033637669224267,0.002596398139753319
0.0,0.05557684877207576,-0.003643169577394329,-0.014376866937574131,0.026013111702332545,-0.11685167075150131,0.020076460059567564,0.0,0.03837945945655769,0.055047150826231746,0.0,0.07140095080343611,0.0,-0.007119995977183461,0.024783858809188486,0.01678332571769021,0.04315653276472202,0.06470148119457872,-0.1445196805841773,0.002596398139753319
